first_name,last_name,roll_no,email
Robbin,Di Antonio,80,rdiantonio0@comcast.net
Obed,Molan,17,omolan1@who.int
Donna,Falconer,21,dfalconer2@oakley.com
Kessia,Cambell,76,kcambell3@sun.com
Britt,Ricco,41,bricco4@dedecms.com
Ruben,Tilne,16,rtilne5@springer.com
Audre,Tummasutti,13,atummasutti6@techcrunch.com
Fonzie,Layhe,95,flayhe7@mashable.com
Mycah,Feares,21,mfeares8@twitpic.com
Neale,Bohlin,21,nbohlin9@accuweather.com
Melisent,Pauler,59,mpaulera@icio.us
Jaime,Patty,6,jpattyb@icio.us
Rourke,Leechman,8,rleechmanc@skyrock.com
Rey,Cartwright,36,rcartwrightd@theglobeandmail.com
Bennie,Steeden,20,bsteedene@hhs.gov
Elliot,Nenci,84,enencif@gov.uk
Randene,Eggins,85,regginsg@typepad.com
Magdalena,Aspinall,6,maspinallh@edublogs.org
Brade,Meininking,17,bmeininkingi@imageshack.us
Yorke,Liffe,4,yliffej@nytimes.com
Andra,Ellcome,47,aellcomek@flavors.me
Prissie,Everley,21,peverleyl@java.com
Terrance,Gunda,91,tgundam@multiply.com
Hally,Duckit,55,hduckitn@joomla.org
Brooke,Matz,1,bmatzo@mapquest.com
Liza,Goning,2,lgoningp@blinklist.com
Lilla,Boyan,58,lboyanq@360.cn
Sonnie,Late,15,slater@mozilla.com
Lyell,Desport,89,ldesports@microsoft.com
Codi,Gerwood,5,cgerwoodt@pbs.org
Kendell,Willbraham,30,kwillbrahamu@independent.co.uk
Rossy,Grummitt,11,rgrummittv@myspace.com
Davy,Newson,63,dnewsonw@altervista.org
Marissa,Hancill,65,mhancillx@github.com
Gareth,Custance,67,gcustancey@cyberchimps.com
Xaviera,Torricella,44,xtorricellaz@mozilla.com
Selle,Jobbins,49,sjobbins10@wiley.com
Sanford,Meininking,85,smeininking11@narod.ru
Maggi,Tinghill,61,mtinghill12@mtv.com
Cary,Conaghy,98,cconaghy13@google.fr
Ernestine,Dineen,57,edineen14@intel.com
Roberta,Wildes,45,rwildes15@fastcompany.com
Natalie,Greenshields,14,ngreenshields16@spiegel.de
Janean,Martinovic,89,jmartinovic17@artisteer.com
Brennen,Rawood,86,brawood18@biblegateway.com
Gradey,O'Sculley,12,gosculley19@intel.com
Willdon,Gately,88,wgately1a@auda.org.au
Dorotea,Lindell,4,dlindell1b@rediff.com
Travis,Whitford,83,twhitford1c@behance.net
Oren,O'Kieran,67,ookieran1d@skyrock.com
Chrotoem,Tift,39,ctift1e@addtoany.com
Pascale,Daventry,89,pdaventry1f@icio.us
Tommie,Cusick,76,tcusick1g@wired.com
Alisa,Plewright,71,aplewright1h@discuz.net
Lennie,Bexley,63,lbexley1i@bing.com
Shanie,Burnep,32,sburnep1j@github.io
Arty,Held,77,aheld1k@ycombinator.com
Woody,Besque,4,wbesque1l@cornell.edu
Hailee,Shanks,51,hshanks1m@tinypic.com
Bibbie,Eton,17,beton1n@cdc.gov
Jilleen,Keegan,80,jkeegan1o@biblegateway.com
Zelig,Courtese,90,zcourtese1p@live.com
Zarla,Notton,53,znotton1q@amazon.com
Jacynth,Buckingham,87,jbuckingham1r@chron.com
Stacie,Quinby,99,squinby1s@paypal.com
Joline,Chorley,58,jchorley1t@friendfeed.com
Maje,Capener,29,mcapener1u@redcross.org
Daveta,MacLoughlin,61,dmacloughlin1v@hp.com
Denys,Corthes,28,dcorthes1w@google.nl
Lon,Bampton,31,lbampton1x@istockphoto.com
Dewey,Jacmard,31,djacmard1y@ifeng.com
Frasier,Brunskill,78,fbrunskill1z@ftc.gov
Larissa,Bassham,53,lbassham20@ft.com
Tani,Boshell,76,tboshell21@ning.com
Alina,Roote,89,aroote22@wikimedia.org
Elvyn,Markovich,56,emarkovich23@diigo.com
Sayers,Levin,57,slevin24@virginia.edu
Wolfgang,Litster,82,wlitster25@histats.com
Marion,Bilton,10,mbilton26@umich.edu
Rudd,Murrison,72,rmurrison27@delicious.com
Heindrick,Ahern,64,hahern28@bandcamp.com
Beverley,Fidelli,30,bfidelli29@businesswire.com
Barnard,Rozycki,72,brozycki2a@scribd.com
Law,Koba,66,lkoba2b@reverbnation.com
Beauregard,Turpey,66,bturpey2c@apple.com
Dominica,Glandfield,84,dglandfield2d@smh.com.au
Francesco,Stroulger,47,fstroulger2e@virginia.edu
Constantia,Solway,33,csolway2f@mtv.com
Shaylyn,Spears,65,sspears2g@webeden.co.uk
Zebulon,McVie,69,zmcvie2h@simplemachines.org
Keenan,Hirche,52,khirche2i@senate.gov
Bridie,Menhenitt,90,bmenhenitt2j@skyrock.com
Rora,Bohea,38,rbohea2k@goo.gl
Erny,Hebdon,14,ehebdon2l@microsoft.com
Manfred,Hugonneau,26,mhugonneau2m@reddit.com
Kirby,Hills,99,khills2n@skype.com
Jessa,Propper,50,jpropper2o@ezinearticles.com
Shadow,Ibbs,76,sibbs2p@omniture.com
Berna,Gillease,26,bgillease2q@diigo.com
Bonnibelle,Beckingham,54,bbeckingham2r@nymag.com
